clust_e,median(As),median(Sb),median(Ni),median(Ag)
1,2.97,0.049,1.15,0.079
2,3,0.01,1,0.012
3,2.88,5.5e-4,0.9199999999999999,0.057499999999999996
